{"sum": 313652.0, "avr": 544.5347222222222, "sumMD": 12232.0, "avrMD": 509.6666666666667, "sumSD": 12308.0, "avrSD": 512.8333333333334, "max": 997.0, "min": 100.0}